index,chemostat,treatment,block,round,gen,age.at.maturity,m.length,sac.area,egg.mean,egg.sd,bad.angle,eggs.damaged,fuzzy.eggs
1,17,h,5,2,0,,0.7182,0.0191,0.07354,0.008713667,,,
2,17,h,5,2,0,,0.6784,0.0103,0.05484,0.003474622,,,
3,17,h,5,2,0,,0.7388,0.0279,0.068542857,0.004868558,,,
4,17,h,5,2,0,,0.7231,0.0378,0.05934,0.005508821,,,
5,17,h,5,2,0,,0.723,0.0458,0.05905,0.008085412,,,
6,17,h,5,2,0,,0.7119,0.027,0.055477778,0.005303956,,,
7,17,h,5,2,0,,0.7211,0.0292,0.06035,0.006415161,,,
8,17,h,5,2,0,,0.6779,0.0379,0.063611111,0.007650563,,,
9,17,h,5,2,0,,0.7087,0.044,0.07185,0.003905674,,,
10,17,h,5,2,0,,0.7293,0.0293,0.065811111,0.004461066,,1,
11,19,l,5,2,0,,0.6051,0.0593,0.07061,0.006678065,1,1,
12,19,l,5,2,0,,0.5375,0.0481,0.0672,0.006551845,,,
13,19,l,5,2,0,,0.7487,0.052,0.0565,0.004223742,,,
14,19,l,5,2,0,,0.6752,0.0512,0.05955,0.006716522,1,,
15,19,l,5,2,0,,0.7116,0.0287,0.05107,0.005708483,,,
16,19,l,5,2,0,,0.737,0.0502,0.05494,0.005766416,,,
17,19,l,5,2,0,,0.701,0.0335,0.068,0.003864583,,,
18,19,l,5,2,0,,0.6525,0.0412,0.0694,0.005544567,,,
19,19,l,5,2,0,,0.6617,0.0439,0.059488889,0.008024719,,,
20,19,l,5,2,0,,0.7097,0.0548,0.06153,0.010582801,,,
21,4,h,1,2,0,,0.6373,0.0217,0.0554,0.005587844,,,
22,4,h,1,2,0,,0.6562,0.0286,0.062811111,0.006727266,,,
23,4,h,1,2,0,,0.6644,0.0318,0.05894,0.008932693,,,
24,4,h,1,2,0,,0.6713,0.0269,0.0698125,0.006818973,,,
25,4,h,1,2,0,,0.6584,0.0295,0.0623,0.005173283,,,
26,4,h,1,2,0,,0.6632,0.0266,0.06715,0.00252646,,,
27,4,h,1,2,0,,0.7348,0.0237,0.05474,0.00697517,,,
28,4,h,1,2,0,,0.6121,0.0304,0.06504,0.012812416,,,
29,4,h,1,2,0,,0.6811,0.0463,0.0741,0.006453681,1,,
30,4,h,1,2,0,,0.6053,0.0196,0.06126,0.003881752,,,
31,8,l,2,2,0,,0.6962,0.0195,0.055114286,0.007381154,,,
32,8,l,2,2,0,,0.6514,0.0152,0.064375,0.010960953,,,
33,8,l,2,2,0,,0.6745,0.017,0.0591,0.007108446,,,
34,8,l,2,2,0,,0.6984,0.0159,0.061025,0.003936475,,,
35,8,l,2,2,0,,0.7204,0.0296,0.0678875,0.007463901,,,
36,8,l,2,2,0,,0.6424,0.025,0.0651,0.002969848,,,
37,8,l,2,2,0,,0.6551,0.024,0.0569375,0.004800279,,,
38,8,l,2,2,0,,0.623,0.0268,0.061014286,0.002723618,1,,
39,8,l,2,2,0,,0.6278,0.0243,0.059022222,0.005222015,,,
40,8,l,2,2,0,,0.6804,0.0181,0.063633333,0.005900734,,,
41,8,l,2,2,0,,0.6374,0.015,0.0519,0.010092175,,,
42,10,l,3,1,0,,0.756,0.0439,0.05074,0.00201781,1,,
43,10,l,3,1,0,,0.6909,0.0474,0.06131,0.007511835,,,
44,10,l,3,1,0,,0.7575,0.0558,0.060177778,0.006210632,,,
45,10,l,3,1,0,,0.6886,0.0367,0.062277778,0.006707976,,,
46,10,l,3,1,0,,0.7472,0.0359,0.053633333,0.00276743,,,
47,10,l,3,1,0,,0.7509,0.045,0.060888889,0.005108435,1,,
48,10,l,3,1,0,,0.7024,0.0667,0.06821,0.007216101,,,
49,10,l,3,1,0,,0.7195,0.0534,0.05576,0.006091196,,,
50,10,l,3,1,0,,0.7269,0.0525,0.05599,0.005074435,1,,
51,10,l,3,1,0,,0.6985,0.0287,0.053588889,0.006142566,,,
52,11,h,3,1,0,,0.633,0.0196,0.0542,0.003362142,,,
53,11,h,3,1,0,,0.6371,0.0418,0.0705125,0.008349241,1,,
54,11,h,3,1,0,,0.7193,0.0374,0.06405,0.007594479,,,
55,11,h,3,1,0,,0.6785,0.021,0.061833333,0.018700089,,,
56,11,h,3,1,0,,0.6283,0.0377,0.049242857,0.003326588,,,
57,11,h,3,1,0,,0.6453,0.024,0.048366667,0.004253783,,,
58,11,h,3,1,0,,0.6929,0.0178,0.055925,0.002410221,,,
59,11,h,3,1,0,,0.6308,0.0231,0.0591,0.005626722,,,
60,11,h,3,1,0,,0.6214,0.0319,0.046977778,0.005817383,,,
61,11,h,3,1,0,,0.6984,0.0404,0.0564,0.006472163,1,,
62,12,h,3,1,0,,0.6872,0.0127,0.05665,0.007128581,,,
63,12,h,3,1,0,,0.6043,0.0153,0.0766,0.005356305,,,
64,12,h,3,1,0,,0.6213,0.0282,0.05775,0.004503015,,,
65,12,h,3,1,0,,0.6796,0.0295,0.067375,0.006875258,,,
66,12,h,3,1,0,,0.6674,0.0391,0.06061,0.008649785,,,
67,12,h,3,1,0,,0.7013,0.0204,0.0538875,0.00621414,,,
68,12,h,3,1,0,,0.5985,0.0548,0.06677,0.005947184,,,
69,12,h,3,1,0,,0.7158,0.0189,0.06225,0.00947961,,,
70,12,h,3,1,0,,0.6768,0.0287,0.058733333,0.005922204,,,
71,12,h,3,1,0,,0.7133,0.0447,0.06167,0.007771608,,,
72,13,h,4,1,0,,0.816,0.085,0.07113,0.006703573,,,
73,13,h,4,1,0,,0.8209,0.0529,0.05355,0.007189537,1,,
74,13,h,4,1,0,,0.7854,0.0413,0.05861,0.006060336,,,
75,13,h,4,1,0,,0.7444,0.0502,0.0633,0.005441813,1,,
76,13,h,4,1,0,,0.7314,0.0732,0.06711,0.005323418,,,
77,13,h,4,1,0,,0.7874,0.0315,0.06528,0.006621329,,,
78,13,h,4,1,0,,0.7489,0.039,0.05275,0.009540807,,,
79,13,h,4,1,0,,0.8415,0.0502,0.06111,0.007179051,,,
80,13,h,4,1,0,,0.7345,0.0466,0.05148,0.005021244,1,,
81,13,h,4,1,0,,0.7841,0.0653,0.06706,0.007155293,1,,
82,14,l,4,1,0,,0.6961,0.0177,0.05306,0.004087542,,,
83,14,l,4,1,0,,0.6821,0.0373,0.0621,0.005223239,,,
84,14,l,4,1,0,,0.6652,0.0111,0.06415,0.005846081,,,
85,14,l,4,1,0,,0.6414,0.0284,0.063614286,0.008646276,,,
86,14,l,4,1,0,,0.6689,0.023,0.058966667,0.006232442,,,
87,14,l,4,1,0,,0.6837,0.0516,0.06294,0.005377153,,,
88,14,l,4,1,0,,0.5971,0.013,0.0464,0.003893584,,,
89,14,l,4,1,0,,0.6748,0.0201,0.067766667,0.002706166,,,
90,14,l,4,1,0,,0.6375,0.0245,0.05812,0.005414518,,,
91,14,l,4,1,0,,0.6451,0.0166,0.0633,0.003944617,,,
92,15,h,4,1,0,,0.7211,0.0249,0.058911111,0.00382441,,,
93,15,h,4,1,0,,0.7388,0.0408,0.06572,0.004495875,,,
94,15,h,4,1,0,,0.6845,0.0221,0.059766667,0.003893927,,,
95,15,h,4,1,0,,0.6842,0.0213,0.068883333,0.011424958,,,
96,15,h,4,1,0,,0.6702,0.0269,0.05398,0.003579385,,,
97,15,h,4,1,0,,0.6657,0.0156,0.049766667,0.003271595,,,
98,15,h,4,1,0,,0.707,0.0433,0.054588889,0.005526627,,,
99,15,h,4,1,0,,0.6054,0.0347,0.055214286,0.007159941,1,,
100,15,h,4,1,0,,0.688,0.0197,0.0531,0.006681317,,,
101,15,h,4,1,0,,0.7242,0.0298,0.07175,0.01136587,,,
102,16,l,4,1,0,,0.6629,0.034,0.0641,0.007020288,,,
103,16,l,4,1,0,,0.6057,0.0242,0.051166667,0.006347493,,,
104,16,l,4,1,0,,0.655,0.0507,0.07251,0.003642481,1,,
105,16,l,4,1,0,,0.6424,0.043,0.05719,0.005633915,,,
106,16,l,4,1,0,,0.7311,0.0529,0.07164,0.006607941,,,
107,16,l,4,1,0,,0.6898,0.0285,0.06935,0.002646318,,,
108,16,l,4,1,0,,0.606,0.043,0.066742857,0.002535651,,,
109,16,l,4,1,0,,0.6226,0.0274,0.0799,0.010288181,,,
110,16,l,4,1,0,,0.7317,0.0615,0.07001,0.005621674,,,
111,16,l,4,1,0,,0.6182,0.0384,0.06695,0.004685735,1,,
112,17,h,5,1,0,,0.7005,0.0249,0.057457143,0.003964365,,1,
113,17,h,5,1,0,,0.71,0.0342,0.05644,0.004070545,,,
114,17,h,5,1,0,,0.7275,0.0333,0.057533333,0.01153996,,,
115,17,h,5,1,0,,0.654,0.0325,0.073016667,0.007421972,,,
116,17,h,5,1,0,,0.7011,0.0178,0.0689,0.004540925,,,
117,17,h,5,1,0,,0.6776,0.0205,0.06546,0.000694982,,,
118,17,h,5,1,0,,0.6464,0.0247,0.060111111,0.005271016,,,
119,17,h,5,1,0,,0.6406,0.0221,0.058042857,0.003920824,,,
120,17,h,5,1,0,,0.6291,0.0276,0.06355,0.005951386,,,
121,17,h,5,1,0,,0.678,0.0295,0.05777,0.007198156,,,
122,18,h,5,1,0,,0.6512,0.0489,0.070214286,0.006554751,,,
123,18,h,5,1,0,,0.6929,0.0694,0.0743875,0.007620356,,,
124,18,h,5,1,0,,0.6664,0.0353,0.051771429,0.005819998,,,1
125,18,h,5,1,0,,0.6464,0.0284,0.0469,0.003243455,,,
126,18,h,5,1,0,,0.723,0.0495,0.0689875,0.010149657,,,
127,18,h,5,1,0,,0.6198,0.028,0.04775,0.001950092,,,
128,18,h,5,1,0,,0.6786,0.05,0.067311111,0.007443528,,,
129,18,h,5,1,0,,0.6271,0.0217,0.051485714,0.003337378,,,
130,18,h,5,1,0,,0.6814,0.0642,0.062555556,0.004812253,,,
131,18,h,5,1,0,,0.7578,0.049,0.063622222,0.004262563,,,
132,19,l,5,1,0,,0.6672,0.0382,0.05786,0.006444843,,,
133,19,l,5,1,0,,0.6877,0.0432,0.0588375,0.003874067,,,
134,19,l,5,1,0,,0.6012,0.0278,0.057225,0.004292102,,,
135,19,l,5,1,0,,0.6642,0.0307,0.0378375,0.004869713,,,
136,19,l,5,1,0,,0.67,0.0306,0.068216667,0.008907394,,,
137,19,l,5,1,0,,0.6578,0.0146,0.055766667,0.001861003,,,
138,19,l,5,1,0,,0.7344,0.038,0.063125,0.005028987,,,
139,19,l,5,1,0,,0.6877,0.0171,0.05845,0.000919239,,,
140,19,l,5,1,0,,0.6353,0.0323,0.0645,0.003341856,,,
141,19,l,5,1,0,,0.7093,0.0269,0.04332,0.00254303,,,
142,1,h,1,1,0,,0.6709,0.0423,0.06734,0.004245049,1,,
143,1,h,1,1,0,,0.6376,0.0329,0.071375,0.001099621,,,
144,1,h,1,1,0,,0.7125,0.0487,0.065411111,0.005473446,,,
145,1,h,1,1,0,,0.6471,0.0376,0.06022,0.004686897,,,
146,1,h,1,1,0,,0.643,0.0242,0.059166667,0.008100288,,1,
147,1,h,1,1,0,,0.7246,0.0525,0.06081,0.006304399,,,
148,1,h,1,1,0,,0.6607,0.0502,0.0655375,0.003653936,,,
149,1,h,1,1,0,,0.6307,0.0173,0.04626,0.00450644,,,
150,1,h,1,1,0,,0.6877,0.0355,0.06389,0.006121084,,,
151,1,h,1,1,0,,0.6366,0.036,0.06144,0.00645053,1,,
152,20,l,5,1,0,,0.6745,0.073,0.06461,0.00683056,,,
153,20,l,5,1,0,,0.6761,0.054,0.06049,0.006852161,,,
154,20,l,5,1,0,,0.7437,0.0498,0.06692,0.00609477,,,
155,20,l,5,1,0,,0.7343,0.057,0.07018,0.006686936,,,
156,20,l,5,1,0,,0.6951,0.0433,0.05411,0.003670437,,,1
157,20,l,5,1,0,,0.7034,0.0453,0.05707,0.005682341,1,,1
158,20,l,5,1,0,,0.6824,0.0463,0.057488889,0.005882271,,,
159,20,l,5,1,0,,0.6994,0.0544,0.06154,0.007661912,1,,
160,20,l,5,1,0,,0.7195,0.0429,0.0609,0.0054111,,,
161,20,l,5,1,0,,0.6874,0.0315,0.0696,0.003190611,,,
162,2,l,1,1,0,,0.6345,0.0339,0.059185714,0.005031709,,,
163,2,l,1,1,0,,0.6577,0.0267,0.064855556,0.004369242,,,
164,2,l,1,1,0,,0.6193,0.0244,0.062,0.010182338,,,1
165,2,l,1,1,0,,0.6161,0.0263,0.06166,0.002649151,,1,
166,2,l,1,1,0,,0.6133,0.0231,0.0544375,0.004423295,,,
167,2,l,1,1,0,,0.6499,0.0334,0.06065,0.005855909,,,
168,2,l,1,1,0,,0.6763,0.0335,0.06556,0.004130698,,,
169,2,l,1,1,0,,0.6944,0.018,0.0628,0.002401388,,,
170,2,l,1,1,0,,0.6278,0.0279,0.061233333,0.007099765,,,
171,2,l,1,1,0,,0.6836,0.0264,0.060625,0.012316394,,,
172,4,h,1,1,0,,0.6688,0.026,0.054875,0.007525908,,,
173,4,h,1,1,0,,0.6905,0.0343,0.0619875,0.009036978,,,
174,4,h,1,1,0,,0.6927,0.0398,0.0696,0.008390471,,,
175,4,h,1,1,0,,0.6504,0.0292,0.07364,0.009501737,,,
176,4,h,1,1,0,,0.7299,0.0358,0.07226,0.018365811,,,
177,4,h,1,1,0,,0.6526,0.0232,0.048566667,0.005750072,,,1
178,4,h,1,1,0,,0.669,0.0563,0.06375,0.004433847,1,,
179,4,h,1,1,0,,0.7012,0.0242,0.054533333,0.006919718,,,
180,4,h,1,1,0,,0.6661,0.0321,0.06203,0.006175228,,,
181,4,h,1,1,0,,0.5791,0.0366,0.063433333,0.004647437,,,
182,5,h,2,1,0,,0.7287,0.047,0.04851,0.005152227,,,
183,5,h,2,1,0,,0.6551,0.0495,0.06772,0.003619638,,,
184,5,h,2,1,0,,0.6563,0.0117,0.043075,0.007062754,,,1
185,5,h,2,1,0,,0.7112,0.0743,0.06957,0.004651416,,,
186,5,h,2,1,0,,0.7361,0.0301,0.063244444,0.005188716,,,
187,5,h,2,1,0,,0.7365,0.0446,0.05525,0.005343376,,,
188,5,h,2,1,0,,0.6917,0.0278,0.039588889,0.003364686,,,
189,5,h,2,1,0,,0.6124,0.0125,0.042825,0.002877933,,,
190,5,h,2,1,0,,0.6322,0.0273,0.06305,0.009201708,,,
191,5,h,2,1,0,,0.7524,0.0548,0.06301,0.002891924,1,,
192,5,h,2,1,0,,0.6788,0.0208,0.064428571,0.00595531,,,
193,5,h,2,1,0,,0.6576,0.0211,0.059066667,0.006456831,,,
194,5,h,2,1,0,,0.676,0.0467,0.063533333,0.001926309,,,
195,5,h,2,1,0,,0.6738,0.0327,0.060957143,0.007885188,,,
196,5,h,2,1,0,,0.6447,0.0372,0.062985714,0.004558665,,,
197,5,h,2,1,0,,0.6857,0.0376,0.06737,0.004559252,,,
198,5,h,2,1,0,,0.6837,0.0706,0.06425,0.006345646,,,
199,5,h,2,1,0,,0.6549,0.0554,0.06789,0.007285671,,,
200,5,h,2,1,0,,0.6822,0.0378,0.05999,0.005477925,,,
201,5,h,2,1,0,,0.6953,0.0406,0.06369,0.005090612,,,
202,6,h,2,1,0,,0.7788,0.0439,0.070775,0.003390217,,,
203,6,h,2,1,0,,0.7777,0.0463,0.06644,0.004247143,,,
204,6,h,2,1,0,,0.7406,0.0495,0.05361,0.007163557,,,
205,6,h,2,1,0,,0.7301,0.0328,0.06589,0.006700655,,,
206,6,h,2,1,0,,0.6439,0.0582,0.06143,0.006421154,,,
207,6,h,2,1,0,,0.7287,0.0283,0.0532625,0.005258174,,,
208,6,h,2,1,0,,0.8335,0.0647,0.06773,0.006261177,1,,
209,6,h,2,1,0,,0.7485,0.059,0.05826,0.008246508,1,,
210,6,h,2,1,0,,0.7885,0.0504,0.05886,0.004584079,1,,
211,6,h,2,1,0,,0.7556,0.0483,0.0513,0.005415949,1,,1
212,7,l,2,1,0,,0.6378,0.0226,0.05868,0.008829043,,,
213,7,l,2,1,0,,0.7362,0.0472,0.06421,0.007166039,,,
214,7,l,2,1,0,,0.7394,0.0312,0.05808,0.008679196,,,
215,7,l,2,1,0,,0.6476,0.0464,0.05911,0.008273176,,,
216,7,l,2,1,0,,0.6634,0.0449,0.07329,0.004340622,,,
217,7,l,2,1,0,,0.6986,0.0558,0.07135,0.005738999,,,
218,7,l,2,1,0,,0.6426,0.0184,0.06284,0.009022915,,,
219,7,l,2,1,0,,0.7029,0.0343,0.06001,0.004858772,,,
220,7,l,2,1,0,,0.6413,0.0526,0.072411111,0.007309659,,,
221,7,l,2,1,0,,0.6975,0.0378,0.05211,0.003654054,,,
222,8,l,2,1,0,,0.6521,0.0402,0.063755556,0.01039316,,,
223,8,l,2,1,0,,0.6982,0.0313,0.07814,0.006639503,,,
224,8,l,2,1,0,,0.7379,0.0306,0.059966667,0.006600202,,,
225,8,l,2,1,0,,0.7012,0.0252,0.064755556,0.00772789,,,
226,8,l,2,1,0,,0.6594,0.036,0.070622222,0.005051677,,,
227,8,l,2,1,0,,0.6687,0.0275,0.04457,0.004721593,,,1
228,8,l,2,1,0,,0.5986,0.0275,0.06189,0.00393459,,,
229,8,l,2,1,0,,0.7184,0.0223,0.06648,0.003042532,,,
230,8,l,2,1,0,,0.6821,0.0425,0.07682,0.006812635,,,
231,8,l,2,1,0,,0.6799,0.0408,0.0537,0.00719143,,,1
232,9,l,3,1,0,,0.6502,0.0206,0.057888889,0.004327657,,,
233,9,l,3,1,0,,0.6613,0.0193,0.05715,0.003116889,,,
234,9,l,3,1,0,,0.6654,0.0257,0.066477778,0.00807183,,,
235,9,l,3,1,0,,0.6569,0.029,0.061325,0.006026074,,,
236,9,l,3,1,0,,0.6579,0.0326,0.055622222,0.003753591,,,
237,9,l,3,1,0,,0.6547,0.0362,0.06099,0.004270168,,,
238,9,l,3,1,0,,0.6153,0.0311,0.071966667,0.005074117,,,
239,9,l,3,1,0,,0.6321,0.0216,0.06534,0.005621655,,,
240,9,l,3,1,0,,0.5821,0.0204,0.063233333,0.003653856,,1,
241,9,l,3,1,0,,0.6437,0.0423,0.06169,0.004151158,,,
1,7,l,2,1,1,13,0.8274,0.0701,0.04978,0.00590401,,,
2,11,h,3,1,1,14,0.8063,0.071,0.05708,0.007217694,,,
3,2,l,1,1,1,14,0.8263,0.0813,0.05521,0.004280823,,,
4,6,h,2,1,1,14,0.8278,0.0707,0.06006,0.004921653,,,
5,9,l,3,1,1,14,0.8104,0.0654,0.050488889,0.005657173,,,
6,9,l,3,1,1,14,0.777,0.0511,0.04302,0.005136319,,,
7,9,l,3,1,1,14,0.7878,0.0595,0.05232,0.00423656,,,
8,9,l,3,1,1,14,0.8087,0.0757,0.06079,0.006518086,,,
9,10,l,3,1,1,15,0.7969,0.0491,0.0626,0.007196604,,,
10,10,l,3,1,1,15,0.8137,0.0593,0.06181,0.005235021,,,
11,10,l,3,1,1,15,0.7946,0.0707,0.05386,0.005196195,,,
12,10,l,3,1,1,15,0.8819,0.0651,0.0593,0.005365942,,,
13,10,l,3,1,1,15,0.8586,0.0562,0.05745,0.004484851,,,
14,12,h,3,1,1,15,0.8356,0.0609,0.05711,0.003690363,,,
15,18,h,5,1,1,14,0.8716,0.0904,0.06087,0.004590582,,,
16,18,h,5,1,1,14,0.8057,0.0701,0.05275,0.002876051,,,
17,18,h,5,1,1,14,0.8746,0.1035,0.06074,0.002539991,,1,
18,18,h,5,1,1,14,0.8861,0.0807,0.06257,0.007200779,,,
19,18,h,5,1,1,14,0.8916,0.0927,0.06131,0.005547262,,,
20,1,h,1,1,1,15,0.857,0.0705,0.05638,0.006314322,,,
21,20,l,5,1,1,14,0.8796,0.0822,0.05383,0.006462722,,,
22,2,l,1,1,1,15,0.7839,0.0552,0.05298,0.004329947,,,
23,8,l,2,1,1,15,0.7807,0.0656,0.06208,0.004194123,,,
24,10,l,3,1,1,16,0.8086,0.0648,0.06554,0.00383846,,,
25,10,l,3,1,1,16,0.8064,0.0692,0.05982,0.005174682,,,
26,10,l,3,1,1,16,0.7503,0.0712,0.0721,0.006958288,,,
27,10,l,3,1,1,16,0.825,0.0602,0.06448,0.004368524,,,
28,10,l,3,1,1,16,0.7728,0.0603,0.06149,0.006603105,,,
29,10,l,3,1,1,16,0.7882,0.061,0.06367,0.006217189,,,
30,10,l,3,1,1,16,0.7849,0.0619,0.06455,0.003893085,,,
31,10,l,3,1,1,16,0.7813,0.0518,0.0666,0.009920853,,,
32,10,l,3,1,1,16,0.8393,0.0673,0.06665,0.006440195,,,
33,11,h,3,1,1,16,0.823,0.0462,0.05474,0.006921175,,,
34,11,h,3,1,1,16,0.7974,0.0663,0.05751,0.006105999,,,
35,12,h,3,1,1,16,0.8219,0.0698,0.06311,0.005128667,,,
36,12,h,3,1,1,16,0.8204,0.0598,0.06645,0.005462854,,,
37,12,h,3,1,1,16,0.7924,0.0609,0.05664,0.004139834,,,
38,14,l,4,1,1,15,0.7976,0.0507,0.0576875,0.011853804,,1,
39,14,l,4,1,1,15,0.8147,0.0205,0.0612,0.006557439,,1,
40,14,l,4,1,1,15,0.7782,0.0433,0.06578,0.002437622,,,
41,14,l,4,1,1,15,0.808,0.061,0.0535,0.005105553,,,
42,14,l,4,1,1,15,0.8372,0.0367,0.052557143,0.009474678,,1,
43,14,l,4,1,1,15,0.788,0.0591,0.05728,0.006220004,,,
44,14,l,4,1,1,15,0.8106,0.0491,0.05653,0.005380014,,1,
45,14,l,4,1,1,15,0.7703,0.0567,0.05838,0.003445383,,,
46,15,h,4,1,1,14,0.7813,0.0573,0.0534,0.004229526,,,
47,16,l,4,1,1,14,0.8378,0.088,0.05653,0.003832333,,1,
48,18,h,5,1,1,15,0.8184,0.0221,0.0578,0.005176872,,1,
49,20,l,5,1,1,15,0.8643,0.0626,0.05663,0.005451208,,,
50,20,l,5,1,1,15,0.8417,0.07,0.05191,0.004953439,,,
51,20,l,5,1,1,15,0.8661,0.0571,0.05109,0.00574523,,,
52,20,l,5,1,1,15,0.7683,0.0636,0.0588,0.007611687,,,
53,7,l,2,1,1,16,0.7888,0.057,0.04656,0.004388672,,,
54,7,l,2,1,1,16,0.7738,0.0642,0.06064,0.004607289,,,
55,7,l,2,1,1,16,0.8152,0.0409,0.05952,0.007326785,,1,
56,7,l,2,1,1,16,0.6535,0.0494,0.05588,0.00428273,,,
57,8,l,2,1,1,16,0.8497,0.0428,0.05459,0.006102905,,,
58,8,l,2,1,1,16,0.7714,0.0452,0.05866,0.005540598,,,
59,9,l,3,1,1,16,0.8076,0.0502,0.05193,0.004944144,,1,
60,10,l,3,1,1,17,0.7968,0.0671,0.05848,0.005267679,,,
61,10,l,3,1,1,17,0.765,0.0415,0.055911111,0.006808349,,,
62,11,h,3,1,1,17,0.7811,0.0431,0.061711111,0.007367572,,,
63,11,h,3,1,1,17,0.805,0.0658,0.06841,0.004712265,,,
64,11,h,3,1,1,17,0.7929,0.0596,0.060244444,0.004632794,,,
65,12,h,3,1,1,17,0.8151,0.0679,0.05953,0.004406069,,,
66,12,h,3,1,1,17,0.8438,0.0608,0.0597,0.010032503,,,
67,13,h,4,1,1,16,0.8257,0.0763,0.05699,0.005079031,,,
68,14,l,4,1,1,16,0.8066,0.06,0.05734,0.006983663,,,
69,14,l,4,1,1,16,0.7915,0.052,0.05747,0.004394959,1,1,
70,14,l,4,1,1,16,0.7586,0.0471,0.05548,0.005482862,,,
71,14,l,4,1,1,16,0.7745,0.0687,0.05574,0.00546081,,,
72,14,l,4,1,1,16,0.8047,0.0682,0.05906,0.004966376,,,
73,14,l,4,1,1,16,0.8746,0.0713,0.0559,0.004349713,,1,
74,14,l,4,1,1,16,0.783,0.0605,0.05801,0.007110313,1,,
75,14,l,4,1,1,16,0.8282,0.0489,0.06161,0.005735164,1,,
76,14,l,4,1,1,16,0.8532,0.0347,0.05938,0.006642924,,1,
77,14,l,4,1,1,16,0.891,0.0842,0.05894,0.005810565,,,
78,14,l,4,1,1,16,0.8404,0.0537,0.06352,0.006766388,,1,
79,14,l,4,1,1,16,0.7697,0.0302,0.05787,0.006124822,,1,
80,16,l,4,1,1,15,0.8204,0.0422,0.06244,0.006934006,,,
81,18,h,5,1,1,16,0.7871,0.0594,0.05854,0.006579632,,1,
82,20,l,5,1,1,16,0.8085,0.0696,0.06267,0.007541006,,,
83,20,l,5,1,1,16,0.8529,0.0697,0.05542,0.007030379,,,
84,20,l,5,1,1,16,0.8465,0.0476,0.061477778,0.006649018,,1,
85,20,l,5,1,1,16,0.8494,0.0554,0.05757,0.00374375,,,
86,2,l,1,1,1,17,0.8125,0.0524,0.06016,0.005170042,,,
87,6,h,2,1,1,17,0.8013,0.024,0.058083333,0.009215729,,,
88,7,l,2,1,1,17,0.7791,0.0661,0.05951,0.00644885,,,
89,7,l,2,1,1,17,0.7574,0.0539,0.05776,0.005164021,,,
90,8,l,2,1,1,17,0.755,0.0495,0.05295,0.008234258,,,
91,9,l,3,1,1,17,0.7521,0.0555,0.05281,0.004649361,,,
92,9,l,3,1,1,17,0.6781,0.037,0.055633333,0.002598557,,,
93,13,h,4,1,1,17,0.8172,0.0332,0.05492,0.010687459,,1,
94,13,h,4,1,1,17,0.7947,0.0736,0.06053,0.006170548,,,
95,14,l,4,1,1,17,0.7578,0.0468,0.0613125,0.004764283,,,
96,14,l,4,1,1,17,0.7869,0.0602,0.05594,0.004966376,1,,
97,14,l,4,1,1,17,0.8099,0.0361,0.054283333,0.006420099,,1,
98,14,l,4,1,1,17,0.8,0.0555,0.05214,0.007175762,,,
99,14,l,4,1,1,17,0.7988,0.055,0.06319,0.006283037,1,,
100,14,l,4,1,1,17,0.7916,0.0353,0.056411111,0.008577215,,1,
101,14,l,4,1,1,17,0.786,0.0361,0.0552,0.007089585,,1,
102,15,h,4,1,1,16,0.8174,0.0707,0.05313,0.00845446,,,
103,18,h,5,1,1,17,0.8419,0.0166,0.051283333,0.006666458,,1,
104,19,l,5,1,1,16,0.7904,0.0631,0.0587,0.00663325,,,
105,19,l,5,1,1,16,0.8412,0.0104,0.0546,0.006826908,,1,
106,20,l,5,1,1,17,0.8514,0.0561,0.05681,0.007756066,,,
107,20,l,5,1,1,17,0.8511,0.0123,0.055983333,0.007498644,,1,
108,20,l,5,1,1,17,0.8642,0.0474,0.05456,0.004692831,,,
109,20,l,5,1,1,17,0.7993,0.0494,0.06275,0.004140048,,,
110,2,l,1,1,1,18,0.7585,0.0564,0.05651,0.00567929,,,
111,9,l,3,1,1,18,0.8028,0.0644,0.05832,0.006890219,,,
112,9,l,3,1,1,18,0.7642,0.0413,0.05438,0.008945986,,,1
113,11,h,3,1,1,19,0.7344,0.0509,0.060133333,0.009623149,,,
114,12,h,3,1,1,19,0.7894,0.0732,0.06181,0.007634782,,,
115,13,h,4,1,1,18,0.7107,0.0735,0.0594,0.005965456,,,
116,14,l,4,1,1,18,0.7262,0.0397,0.058585714,0.004609204,,,
117,14,l,4,1,1,18,0.7604,0.0639,0.06678,0.007839048,,,
118,14,l,4,1,1,18,0.7145,0.0245,0.05432,0.006855436,,1,
119,14,l,4,1,1,18,0.759,0.0136,0.053366667,0.003987898,,1,
120,14,l,4,1,1,18,0.8213,0.0495,0.06207,0.006982526,1,1,
121,14,l,4,1,1,18,0.7329,0.0528,0.056833333,0.007049823,,1,
122,14,l,4,1,1,18,0.7903,0.0282,0.055466667,0.007907275,,,
123,15,h,4,1,1,17,0.7925,0.0372,0.0509,0.005559227,,1,
124,15,h,4,1,1,17,0.8529,0.0469,0.04854,0.004858486,,,
125,15,h,4,1,1,17,0.8347,0.0672,0.06094,0.004213787,,,
126,15,h,4,1,1,17,0.8119,0.0251,0.053933333,0.009650043,,1,
127,16,l,4,1,1,17,0.8705,0.0604,0.06437,0.007027415,,,
128,16,l,4,1,1,17,0.7599,0.0627,0.05964,0.005385206,,,
129,16,l,4,1,1,17,0.8024,0.0484,0.05929,0.00580181,1,,
130,18,h,5,1,1,18,0.7623,0.0154,0.058525,0.008921276,,1,
131,19,l,5,1,1,17,0.818,0.0438,0.05732,0.00878873,,,
132,20,l,5,1,1,18,0.8091,0.06,0.05049,0.005482994,,1,
133,20,l,5,1,1,18,0.8366,0.0681,0.05828,0.006573482,1,,
134,20,l,5,1,1,18,0.8397,0.0585,0.06344,0.007095413,,,
135,12,h,3,1,1,20,0.7904,0.0249,0.055116667,0.006667958,,1,
136,14,l,4,1,1,19,0.7748,0.0475,0.06436,0.005905402,,1,
137,15,h,4,1,1,18,0.7174,0.0543,0.05677,0.006505391,,1,
138,15,h,4,1,1,18,0.7783,0.0499,0.06129,0.007035221,1,1,
139,15,h,4,1,1,18,0.8102,0.0331,0.05125,0.00692696,,,
140,15,h,4,1,1,18,0.7938,0.0259,0.06262,0.007144197,,,
141,15,h,4,1,1,18,0.7763,0.0475,0.05188,0.005759591,,,
142,15,h,4,1,1,18,0.8317,0.0443,0.0548625,0.004129662,,,
143,15,h,4,1,1,18,0.7786,0.0408,0.0591,0.005710808,,,
144,15,h,4,1,1,18,0.8224,0.0453,0.06153,0.005827721,,,
145,15,h,4,1,1,18,0.7852,0.0571,0.0556,0.005030352,,,
146,19,l,5,1,1,18,0.8236,0.0466,0.05144,0.004415679,,,
147,19,l,5,1,1,18,0.8076,0.0539,0.05874,0.003611463,,,
148,20,l,5,1,1,19,0.7939,0.0381,0.05859,0.007177194,,,
149,9,l,3,1,1,20,0.781,0.0578,0.04853,0.001874418,,,
150,10,l,3,1,1,21,0.8053,0.0422,0.04705,0.007269304,,,
151,13,h,4,1,1,20,0.7237,0.0624,0.05981,0.005016517,,,
152,13,h,4,1,1,20,0.7866,0.0366,0.0582375,0.005838282,,1,
153,13,h,4,1,1,20,0.7982,0.0549,0.06392,0.004177665,1,,
154,18,h,5,1,1,20,0.8618,0.0563,0.05809,0.005278142,,,
155,19,l,5,1,1,19,0.8351,0.0458,0.06389,0.010138316,,,
156,1,h,1,1,1,21,0.721,0.0367,0.05742,0.00599459,,1,
157,20,l,5,1,1,20,0.7886,0.0443,0.053514286,0.009219441,,,
158,2,l,1,1,1,21,0.7847,0.0382,0.05418,0.007456213,,1,
159,10,l,3,1,1,22,0.7481,0.0276,0.06132,0.004106945,,1,
160,13,h,4,1,1,21,0.7534,0.0382,0.059142857,0.010556334,,,
161,14,l,4,1,1,21,0.7682,0.0443,0.058633333,0.00857817,,,
162,14,l,4,1,1,21,0.7396,0.0303,0.0602125,0.011081315,,,
163,14,l,4,1,1,21,0.7586,0.0382,0.06317,0.012466582,,,
164,15,h,4,1,1,20,0.7472,0.058,0.056975,0.009927559,,,
165,15,h,4,1,1,20,0.7402,0.0403,0.062114286,0.002482894,,,
166,16,l,4,1,1,20,0.8003,0.0544,0.05795,0.006258195,,,
167,16,l,4,1,1,20,0.7341,0.0336,0.055057143,0.005756404,,,
168,18,h,5,1,1,21,0.9008,0.062,0.05429,0.008854685,,,
169,18,h,5,1,1,21,0.8238,0.0492,0.05468,0.006432176,,,
170,2,l,1,1,1,22,0.8289,0.0452,0.05968,0.00694531,,1,
171,6,h,2,1,1,22,0.7346,0.0516,0.0605,0.009726253,,,
172,10,l,3,1,1,23,0.7736,0.0598,0.05608,0.006084005,,,
173,10,l,3,1,1,23,0.7134,0.0477,0.070544444,0.009364709,,,
174,11,h,3,1,1,23,0.703,0.0522,0.05636,0.007205584,,,
175,11,h,3,1,1,23,0.7301,0.0416,0.04919,0.004781085,,,
176,11,h,3,1,1,23,0.6458,0.0118,0.05872,0.004418371,,,
177,13,h,4,1,1,22,0.733,0.0431,0.0534625,0.005126385,,,
178,14,l,4,1,1,22,0.7314,0.034,0.060242857,0.006079983,,,
179,15,h,4,1,1,21,0.7889,0.0365,0.0566375,0.005405536,,,
180,16,l,4,1,1,21,0.7272,0.0444,0.05974,0.006654172,,,
181,16,l,4,1,1,21,0.7802,0.0625,0.05469,0.006404417,1,,
182,16,l,4,1,1,21,0.7116,0.0561,0.054366667,0.005783381,,,1
183,16,l,4,1,1,21,0.7581,0.0392,0.058816667,0.002095153,,,
184,16,l,4,1,1,21,0.7803,0.064,0.06178,0.008006497,,,
185,18,h,5,1,1,22,0.8973,0.0639,0.06155,0.008224118,,,
186,18,h,5,1,1,22,0.9191,0.0291,0.0492,0.010610507,,1,
187,2,l,1,1,1,23,0.7867,0.0737,0.06401,0.006650054,,,
188,5,h,2,1,1,16,0.9081,0.0503,0.06047,0.009119704,,,
189,6,h,2,1,1,23,0.8412,0.0637,0.05653,0.008010278,,,
190,15,h,4,1,1,22,0.751,0.0447,0.06096,0.006076402,,,
191,15,h,4,1,1,22,0.7768,0.0424,0.0615,0.004122499,,,
192,18,h,5,1,1,23,0.7851,0.0375,0.05686,0.004522831,,1,
193,5,h,2,1,1,17,0.7779,0.0547,0.0466,0.003842742,,,
194,6,h,2,1,1,24,0.6801,0.0566,0.0581,0.004651881,,,
195,8,l,2,1,1,24,0.7199,0.0783,0.06236,0.006135,,,
196,9,l,3,1,1,24,0.6641,0.0546,0.0477,0.007091192,,,
197,13,h,4,1,1,24,0.7788,0.0824,0.06673,0.010475161,,,
198,13,h,4,1,1,24,0.7438,0.027,0.05413,0.00673796,,,
199,14,l,4,1,1,24,0.736,0.0512,0.05332,0.00738885,,,
200,15,h,4,1,1,23,0.8053,0.0614,0.04444,0.009402151,,,
201,15,h,4,1,1,23,0.8072,0.0548,0.05375,0.006578627,,,
202,15,h,4,1,1,23,0.7096,0.0611,0.06634,0.008886219,,,
203,17,h,5,1,1,23,0.7807,0.0711,0.04995,0.009706842,,,
204,1,h,1,1,1,25,0.7345,0.0392,0.05712,0.004790222,,,
205,20,l,5,1,1,24,0.7828,0.0601,0.04583,0.00403789,1,,
206,20,l,5,1,1,24,0.8417,0.0625,0.04456,0.005075037,1,,
207,2,l,1,1,1,25,0.6634,0.0507,0.060033333,0.005978294,,,
208,5,h,2,1,1,18,0.7839,0.048,0.06052,0.004022658,,,
209,5,h,2,1,1,18,0.7311,0.0557,0.05345,0.006144219,,,
210,10,l,3,1,1,26,0.771,0.0421,0.06387,0.006143479,,,
211,13,h,4,1,1,25,0.8085,0.0597,0.06053,0.006742576,,,1
212,13,h,4,1,1,25,0.7518,0.0619,0.06091,0.004644579,,,
213,13,h,4,1,1,25,0.7387,0.0674,0.06018,0.004855421,,,
214,18,h,5,1,1,25,0.7272,0.0383,0.05501,0.005949314,,1,
215,18,h,5,1,1,25,0.7871,0.05,0.06263,0.004638738,,,
216,1,h,1,1,1,26,0.786,0.0326,0.05966,0.007066541,,,
217,20,l,5,1,1,25,0.7672,0.0704,0.06479,0.005211835,,,
218,20,l,5,1,1,25,0.8179,0.0615,0.04588,0.005252893,1,,
219,5,h,2,1,1,19,0.7985,0.0633,0.05391,0.006892419,,,
220,5,h,2,1,1,19,0.7832,0.0761,0.05447,0.00393363,,,
221,5,h,2,1,1,19,0.6811,0.045,0.05092,0.006208023,,,
222,13,h,4,1,1,26,0.8374,0.0177,0.05624,0.004329896,,1,
223,20,l,5,1,1,26,0.7932,0.0644,0.04658,0.006426127,,,
224,5,h,2,1,1,20,0.7483,0.0725,0.05812,0.006744018,,,
225,6,h,2,1,1,27,0.6585,0.0462,0.06053,0.005360773,,,
226,6,h,2,1,1,27,0.7033,0.0508,0.067,0.006551336,,,
227,6,h,2,1,1,27,0.7011,0.0381,0.05723,0.006576566,,,
228,13,h,4,1,1,27,0.709,0.0509,0.05718,0.00637631,,,
229,15,h,4,1,1,26,0.7425,0.038,0.04087,0.005992412,,,
230,1,h,1,1,1,28,0.6909,0.0391,0.05168,0.004332513,,,
231,20,l,5,1,1,27,0.6906,0.0403,0.04758,0.005916981,,,
232,5,h,2,1,1,21,0.7855,0.0561,0.04784,0.006642322,,,
233,8,l,2,1,1,28,0.6924,0.0368,0.05126,0.005511039,,,
234,18,h,5,1,1,28,0.7589,0.0469,0.05524,0.006933526,,,
235,18,h,5,1,1,28,0.6999,0.034,0.041925,0.005054206,,,
236,20,l,5,1,1,28,0.763,0.0458,0.05418,0.005536104,,,
237,5,h,2,1,1,22,0.8217,0.0629,0.0671375,0.004093527,,,
238,5,h,2,1,1,22,0.7419,0.0628,0.06346,0.008002944,,,
239,5,h,2,1,1,22,0.7578,0.0542,0.05111,0.00482642,,,
240,5,h,2,1,1,22,0.7478,0.0391,0.047588889,0.005544692,,,
241,10,l,3,1,1,30,0.7566,0.0466,0.05547,0.004765629,,,
242,12,h,3,1,1,30,0.7506,0.0264,0.067442857,0.005646196,,,
243,17,h,5,1,1,28,0.6113,0.0278,0.06278,0.001386362,,,
244,18,h,5,1,1,29,0.652,0.021,0.050825,0.007541165,,,
245,18,h,5,1,1,29,0.7443,0.0436,0.06512,0.006190638,,,
246,1,h,1,1,1,30,0.7568,0.0293,0.048366667,0.002306223,,,1
247,18,h,5,1,1,31,0.7309,0.0493,0.06575,0.008396329,1,,
248,5,h,2,1,1,28,0.8123,0.0515,0.05837,0.004308145,1,,
249,5,h,2,1,1,28,0.8566,0.0411,0.06164,0.005379632,,,
250,5,h,2,1,1,29,0.7199,0.046,0.0551,0.007445636,,,
251,5,h,2,1,1,29,0.7352,0.0558,0.05741,0.008417898,,,
252,5,h,2,1,1,29,0.8179,0.0341,0.052,0.004472881,,,
253,5,h,2,1,1,29,0.7919,0.0448,0.0612,0.009831921,,,
254,1,h,1,2,1,19,0.7462,0.0413,0.056666667,0.008654334,,,
255,1,h,1,2,1,19,0.7798,0.0667,0.06383,0.003710061,1,,
256,1,h,1,2,1,19,0.7549,0.0532,0.05657,0.003537121,,,
257,1,h,1,2,1,19,0.784,0.0842,0.06121,0.005630759,1,,
258,1,h,1,2,1,24,0.7167,0.0335,0.058366667,0.007250862,,,
259,1,h,1,2,1,24,0.7062,0.0298,0.06545,0.008577587,,,
260,1,h,1,2,1,24,0.7139,0.0476,0.051177778,0.005935229,,,
261,17,h,5,2,1,24,0.7565,0.0521,0.05995,0.00595133,1,,
262,17,h,5,2,1,24,0.7579,0.044,0.058155556,0.007535103,,,
263,17,h,5,2,1,24,0.6716,0.0374,0.05668,0.006260422,,,
264,19,l,5,2,1,24,0.7805,0.0458,0.05934,0.007260885,1,,
265,4,h,1,2,1,24,0.7708,0.0539,0.0586,0.005999583,,,
266,17,h,5,2,1,25,0.7784,0.0456,0.04828,0.006278676,1,,
267,17,h,5,2,1,25,0.7442,0.0294,0.0608,0.012208522,,,
268,4,h,1,2,1,25,0.7782,0.0564,0.05486,0.004256812,1,,
269,4,h,1,2,1,25,0.7435,0.0461,0.059377778,0.002873925,,,
270,8,l,2,2,1,25,0.724,0.0516,0.04444,0.005945157,1,,
271,8,l,2,2,1,25,0.725,0.0453,0.05567,0.006495477,1,,
272,8,l,2,2,1,25,0.7271,0.0517,0.05086,0.00502266,1,,
273,8,l,2,2,1,25,0.6721,0.0475,0.0492375,0.007537513,,,
274,8,l,2,2,1,25,0.576,0.046,0.049916667,0.002213067,,,
275,8,l,2,2,1,25,0.6373,0.0484,0.054788889,0.008190306,,,
276,17,h,5,2,1,26,0.7969,0.0378,0.06223,0.004272405,,,
277,19,l,5,2,1,26,0.759,0.0187,0.0503,0.001533623,,,
278,4,h,1,2,1,26,0.7305,0.0453,0.0466375,0.006686433,,,
279,17,h,5,2,1,28,0.7194,0.0355,0.05409,0.008096151,,,
280,8,l,2,2,1,28,0.6998,0.0497,0.05198,0.007916621,,,
281,17,h,5,2,1,29,0.6549,0.0451,0.0567,0.008840563,,,
282,8,l,2,2,1,29,0.6797,0.0342,0.0551,0.008674099,,,
283,8,l,2,2,1,29,0.8287,0.0394,0.058777778,0.007324066,,,
284,17,h,5,2,1,19,0.7714,0.0523,0.04699,0.005332177,1,,1
285,17,h,5,2,1,19,0.7098,0.0645,0.05935,0.005801389,,,
286,17,h,5,2,1,19,0.7556,0.0653,0.05857,0.00675476,1,,
287,17,h,5,2,1,16,0.7767,0.0586,0.0616,0.005041384,,,
288,17,h,5,2,1,17,0.8219,0.0717,0.05614,0.004317201,,,
289,17,h,5,2,1,17,0.787,0.0678,0.06143,0.008705815,,,
290,19,l,5,2,1,19,0.7294,0.0576,0.05811,0.007447662,,,
291,19,l,5,2,1,19,0.7971,0.0535,0.05665,0.007071264,1,,
292,19,l,5,2,1,19,0.7801,0.0422,0.06374,0.007172664,,,
293,19,l,5,2,1,19,0.7448,0.0485,0.05821,0.006456771,1,,
294,19,l,5,2,1,18,0.8649,0.0877,0.06187,0.004311754,1,,
295,19,l,5,2,1,18,0.8391,0.0862,0.06491,0.003739712,1,,
296,1,h,1,2,1,18,0.7449,0.0569,0.0536,0.006035819,,,
297,1,h,1,2,1,18,0.7927,0.0685,0.06199,0.006551582,,,
298,1,h,1,2,1,17,0.8078,0.0633,0.05882,0.004039197,1,,
299,1,h,1,2,1,18,0.8287,0.0579,0.06058,0.005015266,,,
300,4,h,1,2,1,19,0.6835,0.0363,0.045277778,0.006244753,,,
301,4,h,1,2,1,19,0.795,0.0471,0.06311,0.004200384,,,
302,17,h,5,2,1,18,0.7566,0.0788,0.05836,0.0054441,1,,
303,17,h,5,2,1,18,0.7753,0.0476,0.05853,0.004113946,,,
304,17,h,5,2,1,18,0.7855,0.0695,0.05895,0.004585545,1,,
305,17,h,5,2,1,18,0.7222,0.0762,0.05625,0.004551495,,,
306,17,h,5,2,1,18,0.8129,0.08,0.06184,0.003203887,1,,
307,17,h,5,2,1,18,0.7679,0.0511,0.0568,0.003829999,1,,
308,17,h,5,2,1,18,0.7417,0.0692,0.05537,0.005352891,,,
309,17,h,5,2,1,18,0.7914,0.0564,0.05979,0.007684537,,,
310,17,h,5,2,1,18,0.7627,0.0522,0.043033333,0.00343841,1,,1
311,4,h,1,2,1,18,0.7995,0.0633,0.05577,0.004569719,1,,
312,4,h,1,2,1,17,0.781,0.0633,0.054166667,0.007319836,,,1
313,4,h,1,2,1,17,0.7699,0.0715,0.05944,0.006240406,,,
314,4,h,1,2,1,16,0.7546,0.0954,0.06894,0.006022772,,,
315,4,h,1,2,1,18,0.7895,0.0537,0.06023,0.004534326,,,
316,4,h,1,2,1,16,0.8102,0.0202,0.06752,0.002986972,,,
317,4,h,1,2,1,16,0.8102,0.0648,0.06125,0.004698522,,,
318,4,h,1,2,1,17,0.7983,0.0614,0.059455556,0.005072009,,,
319,4,h,1,2,1,17,0.7913,0.0803,0.05832,0.008066226,,,
320,4,h,1,2,1,17,0.8002,0.0631,0.05798,0.005188192,,,
321,4,h,1,2,1,17,0.7314,0.0657,0.05117,0.005446722,,,
322,4,h,1,2,1,17,0.7726,0.0657,0.06498,0.00532954,,,
323,4,h,1,2,1,16,0.8061,0.0581,0.05554,0.006761854,,,
324,1,h,1,2,1,20,0.7511,0.0575,0.046488889,0.002922946,1,,1
325,1,h,1,2,1,20,0.7001,0.052,0.059585714,0.006202803,,,
326,1,h,1,2,1,20,0.8059,0.0608,0.05472,0.003306492,1,,
327,1,h,1,2,1,20,0.782,0.0679,0.05553,0.004560227,1,,
328,1,h,1,2,1,20,0.6807,0.0415,0.045357143,0.003920398,1,,1
329,19,l,5,2,1,20,0.7856,0.0451,0.0588,0.007036571,,,
330,4,h,1,2,1,20,0.8008,0.0704,0.05871,0.006686379,1,,
331,4,h,1,2,1,20,0.8109,0.0625,0.04818,0.005341411,1,,
332,8,l,2,2,1,20,0.8094,0.0339,0.061425,0.001252664,,1,
333,1,h,1,2,1,21,0.7379,0.0601,0.05135,0.003450684,1,,
334,1,h,1,2,1,21,0.7703,0.0632,0.061,0.007934874,1,,
335,1,h,1,2,1,21,0.7806,0.0481,0.06109,0.00284271,1,,
336,1,h,1,2,1,21,0.7385,0.0471,0.05437,0.004501617,1,,
337,1,h,1,2,1,21,0.7885,0.0626,0.0576,0.005833619,1,,
338,17,h,5,2,1,21,0.7893,0.0704,0.06352,0.004787901,1,,
339,17,h,5,2,1,21,0.7575,0.0711,0.06951,0.006831536,1,,
340,19,l,5,2,1,21,0.8123,0.0553,0.055825,0.004925952,,,
341,4,h,1,2,1,21,0.7875,0.0662,0.06427,0.00663577,,,
342,4,h,1,2,1,21,0.7473,0.0572,0.07346,0.003787758,1,,
343,8,l,2,2,1,21,0.7762,0.0152,0.040342857,0.005116919,,1,
344,1,h,1,2,1,22,0.7684,0.065,0.05818,0.004739855,1,,
345,1,h,1,2,1,22,0.7298,0.0408,0.0501,0.006334912,,,
346,1,h,1,2,1,22,0.7804,0.068,0.06412,0.004237609,1,,
347,1,h,1,2,1,22,0.7472,0.0504,0.05866,0.006028488,1,,
348,19,l,5,2,1,22,0.8037,0.0581,0.05004,0.006513951,1,,
349,4,h,1,2,1,22,0.7865,0.0583,0.05685,0.007047813,1,,
350,8,l,2,2,1,22,0.7689,0.0385,0.05719,0.004643382,,,
351,8,l,2,2,1,16,0.8048,0.0551,0.05666,0.005912172,,,
352,1,h,1,2,1,23,0.7292,0.033,0.062111111,0.005266983,,,
353,1,h,1,2,1,23,0.7174,0.0357,0.048533333,0.006410512,,,
354,1,h,1,2,1,23,0.7464,0.0477,0.041844444,0.00390804,,,1
355,17,h,5,2,1,23,0.7867,0.0422,0.05532,0.004248869,,,
356,19,l,5,2,1,23,0.8065,0.0418,0.06301,0.006869004,,,
357,19,l,5,2,1,23,0.771,0.0469,0.048133333,0.007342513,,,
358,19,l,5,2,1,23,0.7436,0.0538,0.05917,0.005849036,1,,
359,4,h,1,2,1,23,0.7164,0.057,0.05578,0.003586952,,,
360,4,h,1,2,1,23,0.7481,0.0403,0.05432,0.004110366,,,
361,4,h,1,2,1,23,0.7902,0.0643,0.06073,0.006153418,1,,
362,8,l,2,2,1,23,0.7054,0.0459,0.05512,0.007928822,1,,
363,8,l,2,2,1,23,0.7457,0.0438,0.05837,0.005069089,,,
364,8,l,2,2,1,23,0.8114,0.0057,0.0565,0.004949747,,1,
1,7,l,2,1,2,21,0.722,0.0569,0.05664,0.006083895,,,
2,7,l,2,1,2,21,0.7363,0.0634,0.05697,0.005795793,,,
3,7,l,2,1,2,15,0.7931,0.0574,0.0552,0.007021554,,,
4,7,l,2,1,2,18,0.711,0.0402,0.054733333,0.007430119,,,
5,7,l,2,1,2,19,0.77,0.0656,0.05566,0.011606148,,,
6,7,l,2,1,2,23,0.8189,0.0691,0.05894,0.005995035,,,
7,7,l,2,1,2,23,0.7172,0.045,0.05557,0.008596388,,,
8,7,l,2,1,2,23,0.7244,0.0534,0.05006,0.009994354,,,
9,7,l,2,1,2,25,0.7327,0.0425,0.04606,0.006722136,,,
10,7,l,2,1,2,26,0.7709,0.0429,0.0564,0.004575539,1,,
11,7,l,2,1,2,28,0.7602,0.0551,0.05235,0.006713544,,,
12,7,l,2,1,2,25,0.6786,0.0526,0.059744444,0.003817758,,,
13,7,l,2,1,2,26,0.6687,0.0285,0.042185714,0.002732172,,,1
14,6,h,2,1,2,20,0.7637,0.0465,0.03872,0.005047728,,,
15,6,h,2,1,2,24,0.7455,0.0333,0.04671,0.006963947,,,
16,6,h,2,1,2,25,0.7432,0.0342,0.058757143,0.007885611,,,
17,6,h,2,1,2,13,0.7974,0.0723,0.06288,0.006338209,,,
18,6,h,2,1,2,14,0.7746,0.0596,0.06205,0.004863273,,,
19,6,h,2,1,2,15,0.8192,0.0571,0.05074,0.006573212,1,,
20,6,h,2,1,2,16,0.7814,0.055,0.05445,0.004437529,1,,
21,6,h,2,1,2,16,0.7065,0.0428,0.061433333,0.00907221,,,
22,6,h,2,1,2,17,0.8264,0.0554,0.06269,0.007026687,1,,
23,6,h,2,1,2,18,0.7718,0.0439,0.04917,0.008748721,,,
24,6,h,2,1,2,16,0.7134,0.0415,0.062755556,0.006253221,,,
25,6,h,2,1,2,24,0.7636,0.0409,0.06391,0.006291696,,,
26,6,h,2,1,2,15,0.7246,0.0414,0.056266667,0.00334776,1,,
27,6,h,2,1,2,15,0.7922,0.0829,0.0716,0.006881537,1,,
28,6,h,2,1,2,24,0.8116,0.0437,0.05275,0.007664239,1,,
29,6,h,2,1,2,24,0.6986,0.0455,0.05604,0.007752304,,,
30,5,h,2,1,2,9,0.8197,0.0645,0.05662,0.004189617,,,
31,5,h,2,1,2,10,0.7202,0.0581,0.06178,0.007490557,,,
32,5,h,2,1,2,11,0.7541,0.0691,0.05144,0.00715995,,,
33,5,h,2,1,2,15,0.7161,0.0262,0.050025,0.004098272,,,1
34,5,h,2,1,2,12,0.7824,0.0685,0.060055556,0.006934715,,,
35,5,h,2,1,2,16,0.7627,0.0396,0.048475,0.006515202,,,
36,5,h,2,1,2,13,0.7604,0.0445,0.052166667,0.007885599,,,
37,5,h,2,1,2,13,0.8158,0.0564,0.04659,0.003878273,1,,
38,5,h,2,1,2,17,0.6975,0.056,0.0641,0.005686045,,,
39,5,h,2,1,2,16,0.7904,0.0583,0.05445,0.007133217,,,
40,5,h,2,1,2,17,0.7322,0.0365,0.047366667,0.00487673,,,
41,5,h,2,1,2,16,0.7665,0.0577,0.058,0.006200179,,,
42,5,h,2,1,2,7,0.9773,0.0925,0.05294,0.004045079,1,,
43,5,h,2,1,2,17,0.7661,0.0337,0.0581375,0.009098813,,,
44,5,h,2,1,2,14,0.7478,0.0567,0.0573,0.005048212,,,
45,5,h,2,1,2,17,0.7166,0.0401,0.05331,0.005969636,,,
46,2,l,1,1,2,19,0.7684,0.0711,0.06264,0.007958671,,,
47,2,l,1,1,2,20,0.8583,0.0859,0.06353,0.003539005,,,
48,2,l,1,1,2,20,0.7863,0.0497,0.06332,0.006918542,,,
49,2,l,1,1,2,20,0.748,0.0759,0.06032,0.00525247,,,1
50,2,l,1,1,2,20,0.7603,0.0592,0.06377,0.006043187,1,,
51,2,l,1,1,2,20,0.8028,0.0932,0.06906,0.00707377,,,
52,2,l,1,1,2,20,0.8416,0.069,0.06302,0.004420106,,,
53,2,l,1,1,2,20,0.8038,0.0615,0.05616,0.005187421,,,
54,2,l,1,1,2,20,0.7952,0.0569,0.05979,0.005912407,,,
55,2,l,1,1,2,20,0.8143,0.051,0.05783,0.006569466,,,
56,2,l,1,1,2,20,0.7929,0.0686,0.05751,0.006751041,,,1
57,2,l,1,1,2,20,0.7874,0.0663,0.06377,0.004783316,,,
58,2,l,1,1,2,20,0.7994,0.0644,0.05994,0.004351041,,,
59,2,l,1,1,2,20,0.8069,0.0527,0.05543,0.006297275,,,
60,2,l,1,1,2,21,0.7578,0.051,0.05645,0.003787479,,,
61,2,l,1,1,2,22,0.7905,0.0312,0.0568,0.010285589,,,
62,2,l,1,1,2,23,0.8356,0.0282,0.056011111,0.006966966,,1,
63,2,l,1,1,2,26,0.7787,0.0626,0.05971,0.00607718,1,,
64,2,l,1,1,2,21,0.7634,0.0521,0.06022,0.004263228,1,,
65,2,l,1,1,2,21,0.8176,0.0604,0.05704,0.00435895,1,1,
66,2,l,1,1,2,21,0.8044,0.0624,0.057966667,0.004357752,1,,
67,2,l,1,1,2,21,0.8061,0.0728,0.069114286,0.005946548,,,
68,2,l,1,1,2,22,0.858,0.0846,0.06372,0.006212675,1,,
69,1,h,1,1,2,17,0.7703,0.0571,0.05897,0.004254945,1,,
70,1,h,1,1,2,18,0.76,0.0481,0.05089,0.003779609,,,
71,1,h,1,1,2,19,0.7382,0.067,0.06056,0.0092843,,,
72,1,h,1,1,2,20,0.7862,0.0586,0.068477778,0.006061101,,,
73,1,h,1,1,2,21,0.757,0.0451,0.05891,0.005518544,,,
74,1,h,1,1,2,22,0.7632,0.0524,0.05773,0.007522418,,,
75,1,h,1,1,2,23,0.7792,0.0528,0.05132,0.005237005,,,
76,1,h,1,1,2,24,0.7044,0.0187,0.0693,0.00748131,,,
77,1,h,1,1,2,15,0.7729,0.0339,0.04635,0.007500852,,,
78,1,h,1,1,2,15,0.7953,0.0472,0.06306,0.004842681,,,
79,1,h,1,1,2,16,0.7742,0.0588,0.05629,0.006583894,1,,
80,1,h,1,1,2,19,0.7825,0.0646,0.05669,0.006969848,,,
81,1,h,1,1,2,24,0.7194,0.0392,0.058188889,0.007834769,,,
82,1,h,1,1,2,17,0.8191,0.0601,0.05885,0.004350287,1,,
83,1,h,1,1,2,17,0.7222,0.0501,0.05998,0.003571741,1,,
84,1,h,1,1,2,18,0.797,0.042,0.05681,0.007202692,1,,
85,1,h,1,1,2,21,0.7459,0.0433,0.06463,0.006681824,,,
86,1,h,1,1,2,21,0.8129,0.039,0.05084,0.00497621,1,,
87,1,h,1,1,2,23,0.7517,0.021,0.070183333,0.011790915,,,1
88,1,h,1,1,2,17,0.7699,0.0611,0.05161,0.004456319,1,,
89,1,h,1,1,2,18,0.8086,0.0586,0.04648,0.006620305,1,,
90,1,h,1,1,2,19,0.7455,0.0244,0.0502875,0.00463756,,1,
91,1,h,1,1,2,23,0.7296,0.0421,0.05624,0.006188556,,,
92,1,h,1,1,2,24,0.7337,0.0154,0.0567875,0.0084191,,,
93,8,l,2,1,2,15,0.7673,0.0658,0.06046,0.004701347,,,
94,8,l,2,1,2,24,0.7812,0.0442,0.04875,0.011069904,,,
95,8,l,2,1,2,29,0.7458,0.0459,0.05435,0.008857922,,,
96,8,l,2,1,2,16,0.7712,0.0719,0.063044444,0.005958631,,,
97,8,l,2,1,2,9,0.785,0.0703,0.06175,0.005674749,,,
98,8,l,2,1,2,17,0.7459,0.0752,0.06794,0.00543184,,,
99,8,l,2,1,2,19,0.76,0.0511,0.0628,0.0068049,1,,
100,8,l,2,1,2,25,0.8305,0.0605,0.05115,0.006980489,1,,
101,8,l,2,1,2,25,0.8107,0.057,0.05728,0.005138915,,,
102,8,l,2,1,2,29,0.816,0.047,0.0546,0.005878019,1,,
103,9,l,3,1,2,19,0.7491,0.053,0.05228,0.009022786,,,
104,9,l,3,1,2,19,0.8167,0.077,0.06442,0.005780773,,,
105,9,l,3,1,2,19,0.7369,0.0639,0.04504,0.008865063,,,
106,9,l,3,1,2,20,0.7578,0.043,0.05399,0.00674017,,,
107,9,l,3,1,2,20,0.7748,0.0703,0.06039,0.007442289,,,
108,9,l,3,1,2,20,0.7595,0.0602,0.05531,0.008573661,,,
109,9,l,3,1,2,20,0.7574,0.0551,0.05847,0.006382798,,,
110,9,l,3,1,2,20,0.7484,0.0576,0.0611,0.006452906,,,
111,9,l,3,1,2,20,0.7818,0.0499,0.04577,0.011026337,,,
112,9,l,3,1,2,20,0.6908,0.0555,0.05541,0.00570077,1,,
113,9,l,3,1,2,13,0.7674,0.0563,0.05684,0.007816251,,,
114,9,l,3,1,2,21,0.7569,0.0265,0.044333333,0.007220803,,,
115,9,l,3,1,2,21,0.7251,0.0519,0.05404,0.004093409,,,
116,9,l,3,1,2,21,0.7415,0.0482,0.04423,0.005394658,,,
117,9,l,3,1,2,21,0.7351,0.0599,0.05629,0.008509531,,,
118,9,l,3,1,2,21,0.7492,0.0486,0.0652,0.005884254,,,
119,9,l,3,1,2,22,0.7531,0.0654,0.05897,0.004679518,,,
120,9,l,3,1,2,24,0.7121,0.0452,0.04947,0.007576139,1,,
121,9,l,3,1,2,25,0.686,0.0412,0.04812,0.007430837,,,
122,9,l,3,1,2,27,0.7647,0.0502,0.05073,0.004797001,,,
123,9,l,3,1,2,22,0.6731,0.0345,0.05972,0.008240523,1,,
124,9,l,3,1,2,22,0.7321,0.0521,0.05696,0.008529322,1,,
125,9,l,3,1,2,22,0.8089,0.0527,0.06044,0.008556505,,,
126,9,l,3,1,2,24,0.7836,0.0507,0.05109,0.005659103,1,,
127,9,l,3,1,2,24,0.7152,0.0406,0.04943,0.006180264,1,,
128,9,l,3,1,2,22,0.7178,0.0516,0.05303,0.006661173,,,
129,9,l,3,1,2,24,0.7755,0.0484,0.06058,0.005369627,1,,
130,9,l,3,1,2,22,0.7821,0.0606,0.05843,0.00486508,1,,
131,9,l,3,1,2,22,0.7305,0.0456,0.05651,0.006742312,,,
132,9,l,3,1,2,22,0.7934,0.0694,0.06457,0.007010793,1,,
133,9,l,3,1,2,22,0.7269,0.0509,0.05504,0.007317134,,,
134,9,l,3,1,2,22,0.7168,0.0589,0.06244,0.010123482,1,,
135,9,l,3,1,2,27,0.7154,0.0327,0.06005,0.007158406,,,
136,9,l,3,1,2,27,0.7301,0.0496,0.06327,0.00280002,1,,
137,10,l,3,1,2,18,0.77,0.0671,0.05476,0.010110083,,,
138,10,l,3,1,2,19,0.7792,0.0553,0.05625,0.003703527,,,
139,10,l,3,1,2,19,0.8012,0.0729,0.0632,0.004487514,,,
140,10,l,3,1,2,11,0.7426,0.0791,0.05645,0.006092299,,,
141,10,l,3,1,2,11,0.7546,0.0742,0.04819,0.005497565,,,
142,10,l,3,1,2,12,0.7409,0.0689,0.05672,0.007868616,,,
143,10,l,3,1,2,13,0.7472,0.0585,0.05363,0.0080435,,,
144,10,l,3,1,2,13,0.7991,0.0701,0.06031,0.007677883,,,
145,10,l,3,1,2,14,0.7332,0.056,0.06581,0.005301247,,,
146,10,l,3,1,2,20,0.7748,0.0455,0.0655,0.005258327,,,
147,10,l,3,1,2,16,0.7347,0.0503,0.058666667,0.008028076,,,1
148,10,l,3,1,2,21,0.8271,0.0581,0.063366667,0.008499559,,,
149,10,l,3,1,2,22,0.7396,0.0442,0.05162,0.010926502,,,
150,10,l,3,1,2,25,0.8072,0.022,0.064266667,0.001945936,,,
151,11,h,3,1,2,19,0.8057,0.0588,0.05259,0.008298253,,,
152,11,h,3,1,2,28,0.7581,0.0567,0.05947,0.003335349,1,,
153,11,h,3,1,2,29,0.9094,0.0625,0.04615,0.005629338,,,
154,11,h,3,1,2,30,0.7643,0.0526,0.0611,0.006993489,1,,
155,11,h,3,1,2,31,0.7636,0.0425,0.05601,0.006992607,,,
156,11,h,3,1,2,33,0.7401,0.048,0.04829,0.005068519,1,,
157,11,h,3,1,2,34,0.7733,0.0578,0.06093,0.005427922,1,,
158,11,h,3,1,2,34,0.8158,0.0288,0.060388889,0.005222414,,1,
159,11,h,3,1,2,20,0.7775,0.0647,0.06001,0.008233596,,,
160,11,h,3,1,2,20,0.8518,0.03,0.05502,0.00349024,,1,
161,11,h,3,1,2,20,0.7413,0.0565,0.05621,0.010530321,,,
162,11,h,3,1,2,20,0.8184,0.0663,0.0517,0.004379751,,,
163,11,h,3,1,2,17,0.825,0.0395,0.05545,0.005080737,,,
164,11,h,3,1,2,17,0.7693,0.0336,0.062983333,0.012931731,,1,
165,11,h,3,1,2,17,0.7201,0.0352,0.060133333,0.013052918,,1,
166,11,h,3,1,2,18,0.7629,0.0414,0.059957143,0.00622384,,,
167,11,h,3,1,2,18,0.7749,0.0575,0.06216,0.008688588,,,
168,11,h,3,1,2,18,0.7965,0.0642,0.06026,0.00962118,,,
169,11,h,3,1,2,22,0.7421,0.0185,0.06714,0.005500727,,1,
170,11,h,3,1,2,25,0.8008,0.0184,0.056157143,0.005356883,,1,
171,11,h,3,1,2,26,0.9116,0.0644,0.0506,0.007217263,1,,
172,11,h,3,1,2,27,0.7673,0.0434,0.05811,0.009074194,,,
173,11,h,3,1,2,22,0.7198,0.0592,0.06325,0.008459216,,,
174,11,h,3,1,2,22,0.8127,0.0708,0.06043,0.007673627,1,,
175,11,h,3,1,2,22,0.8255,0.0652,0.05501,0.004962627,1,,
176,11,h,3,1,2,22,0.9942,0.0496,0.05515,0.006379873,1,,
177,11,h,3,1,2,31,0.8053,0.0392,0.06051,0.006605292,,,
178,11,h,3,1,2,27,0.8294,0.0613,0.06185,0.005744611,1,,
179,11,h,3,1,2,34,0.7281,0.0292,0.04965,0.004516082,,,
180,12,h,3,1,2,18,0.7469,0.0641,0.05708,0.006834032,,,
181,12,h,3,1,2,18,0.7804,0.0256,0.057744444,0.005879649,,,
182,12,h,3,1,2,18,0.7946,0.0645,0.04897,0.004432469,,,
183,12,h,3,1,2,18,0.8108,0.0661,0.06032,0.002733252,,,
184,12,h,3,1,2,19,0.7394,0.0491,0.05803,0.004841958,,,
185,12,h,3,1,2,19,0.7052,0.0563,0.06063,0.00483116,,,
186,12,h,3,1,2,14,0.8076,0.0581,0.05775,0.004931813,,,
187,12,h,3,1,2,20,0.777,0.0749,0.06432,0.007305827,,,
188,12,h,3,1,2,20,0.7558,0.0672,0.06409,0.004501963,,1,
189,12,h,3,1,2,16,0.8182,0.0659,0.05603,0.006660172,,,
190,12,h,3,1,2,17,0.7732,0.0304,0.0657,0.006590686,,1,
191,12,h,3,1,2,21,0.7505,0.0708,0.05859,0.004674149,1,,
192,12,h,3,1,2,22,0.734,0.0154,0.050185714,0.009319233,,1,
193,12,h,3,1,2,23,0.7205,0.0612,0.061,0.009886916,,,
194,12,h,3,1,2,22,0.756,0.0598,0.0603,0.005523686,,,
195,12,h,3,1,2,21,0.7771,0.0627,0.06053,0.006717647,1,,
196,12,h,3,1,2,21,0.7574,0.0671,0.06208,0.007032591,1,,
197,13,h,4,1,2,16,0.7713,0.0493,0.04002,0.00337303,,,
198,13,h,4,1,2,17,0.7586,0.0357,0.04857,0.00728561,,,
199,13,h,4,1,2,17,0.679,0.0485,0.049488889,0.006529059,,,1
200,13,h,4,1,2,17,0.7886,0.0364,0.0513,0.008886748,,,
201,13,h,4,1,2,17,0.7558,0.043,0.060116667,0.010124311,,,
202,13,h,4,1,2,17,0.7697,0.0672,0.06552,0.00515963,1,,
203,13,h,4,1,2,17,0.7981,0.0448,0.05436,0.007026648,,,
204,13,h,4,1,2,17,0.7641,0.0454,0.046428571,0.005363989,,,1
205,13,h,4,1,2,18,0.7357,0.0637,0.06413,0.00550415,,,
206,13,h,4,1,2,18,0.7618,0.0454,0.04763,0.005745346,,,
207,13,h,4,1,2,18,0.7105,0.0352,0.056042857,0.004972208,,1,
208,13,h,4,1,2,18,0.7401,0.0566,0.05505,0.007803311,,,
209,13,h,4,1,2,18,0.7286,0.0633,0.064844444,0.009119774,,,
210,13,h,4,1,2,18,0.73,0.0419,0.0582625,0.004012102,,,
211,13,h,4,1,2,18,0.7422,0.0412,0.0589375,0.005959611,,1,
212,13,h,4,1,2,18,0.7385,0.0449,0.0536,0.005738685,,,
213,13,h,4,1,2,20,0.7519,0.0544,0.058,0.006383138,1,,
214,13,h,4,1,2,21,0.7492,0.0553,0.05384,0.003768053,1,,
215,13,h,4,1,2,23,0.7114,0.0096,0.069966667,0.003807011,,,
216,13,h,4,1,2,24,0.6893,0.0506,0.04455,0.005047166,1,,
217,13,h,4,1,2,20,0.7929,0.0294,0.05555,0.001974589,,1,
218,13,h,4,1,2,24,0.775,0.0505,0.06028,0.007104427,1,,
219,13,h,4,1,2,20,0.7288,0.0698,0.05886,0.00716972,,,
220,13,h,4,1,2,20,0.7567,0.0424,0.05636,0.005498323,1,1,
221,13,h,4,1,2,24,0.7217,0.0411,0.05431,0.011160093,,,
222,13,h,4,1,2,21,0.7832,0.0742,0.06291,0.00399818,1,,
223,13,h,4,1,2,20,0.7815,0.036,0.0615,0.007723557,,1,
224,14,l,4,1,2,26,0.8048,0.0255,0.057111111,0.009683032,,1,
225,14,l,4,1,2,18,0.8049,0.0429,0.06075,0.005454101,,1,
226,14,l,4,1,2,18,0.7521,0.0627,0.06222,0.00428273,,,
227,14,l,4,1,2,18,0.8253,0.0805,0.0655,0.00578619,,,
228,14,l,4,1,2,18,0.8078,0.0115,0.0606,0.00753702,,1,
229,14,l,4,1,2,18,0.7851,0.0113,0.05885,0.002193171,,1,
230,14,l,4,1,2,18,0.7743,0.018,0.06398,0.008941588,,1,
231,14,l,4,1,2,18,0.797,0.0459,0.05888,0.005998296,1,1,
232,14,l,4,1,2,18,0.7544,0.0799,0.06666,0.010090832,,,
233,14,l,4,1,2,15,0.7863,0.06,0.06225,0.006087008,,,
234,14,l,4,1,2,20,0.8267,0.0192,0.0642,0.00462277,,,
235,14,l,4,1,2,21,0.8319,0.0615,0.05565,0.007641444,,,
236,14,l,4,1,2,24,0.825,0.0282,0.067916667,0.011031848,1,1,
237,14,l,4,1,2,20,0.8588,0.0947,0.06467,0.007540712,,,
238,14,l,4,1,2,20,0.8377,0.0417,0.0565875,0.005207532,1,,
239,14,l,4,1,2,20,0.8234,0.0706,0.06441,0.007783094,,,
240,14,l,4,1,2,20,0.7854,0.087,0.06104,0.00618119,,,
241,14,l,4,1,2,20,0.8237,0.1041,0.06278,0.004346339,,,
242,14,l,4,1,2,20,0.8323,0.0201,0.062633333,0.006922909,1,1,
243,14,l,4,1,2,20,0.8306,0.053,0.06582,0.007736178,,,
244,14,l,4,1,2,26,0.7391,0.0202,0.052714286,0.0030152,,,
245,14,l,4,1,2,21,0.7769,0.0357,0.05791,0.00730623,,1,
246,15,h,4,1,2,17,0.7955,0.0667,0.05727,0.011000813,,,
247,15,h,4,1,2,17,0.7585,0.0484,0.0526,0.006495811,,,1
248,15,h,4,1,2,26,0.8035,0.0632,0.06166,0.004774283,,,
249,15,h,4,1,2,27,0.8209,0.0495,0.04785,0.005476059,,,
250,15,h,4,1,2,18,0.7568,0.0406,0.05514,0.005041428,,,
251,15,h,4,1,2,18,0.7623,0.0554,0.06796,0.010955891,,,
252,15,h,4,1,2,14,0.8389,0.0425,0.052525,0.003484558,1,,1
253,15,h,4,1,2,14,0.6864,0.0563,0.06234,0.006237022,,,
254,15,h,4,1,2,15,0.7471,0.0502,0.04741,0.007556667,,,
255,15,h,4,1,2,16,0.8446,0.0334,0.05944,0.006792021,,,
256,15,h,4,1,2,20,0.8266,0.0708,0.06893,0.003411109,1,,
257,15,h,4,1,2,21,0.8462,0.0683,0.06071,0.012132825,,,
258,15,h,4,1,2,22,0.8001,0.054,0.05273,0.006735651,1,,
259,15,h,4,1,2,23,0.7772,0.0657,0.0643,0.004322551,1,,
260,15,h,4,1,2,25,0.7618,0.0452,0.05504,0.005359353,,,
261,15,h,4,1,2,23,0.7821,0.0536,0.06395,0.004165,,,
262,15,h,4,1,2,23,0.7757,0.0379,0.06121,0.005474476,,,
263,15,h,4,1,2,25,0.8392,0.0481,0.05532,0.00530572,,,
264,15,h,4,1,2,20,0.8234,0.0729,0.0646,0.005646238,,,
265,15,h,4,1,2,21,0.7686,0.0766,0.05832,0.005154028,,,
266,15,h,4,1,2,21,0.7214,0.0631,0.056,0.005278468,,,
267,16,l,4,1,2,17,0.796,0.068,0.06118,0.007963361,,,
268,16,l,4,1,2,17,0.8215,0.0435,0.061388889,0.006014658,,,
269,16,l,4,1,2,17,0.8259,0.057,0.05997,0.009487424,,,
270,16,l,4,1,2,26,0.8037,0.0253,0.05903,0.004460207,,,
271,16,l,4,1,2,18,0.7269,0.061,0.03649,0.004347528,,,
272,16,l,4,1,2,18,0.7434,0.0623,0.04855,0.006511912,,,
273,16,l,4,1,2,18,0.8109,0.0827,0.05975,0.00997934,,,
274,16,l,4,1,2,18,0.7556,0.0695,0.05101,0.00483539,,,
275,16,l,4,1,2,18,0.7375,0.0615,0.04925,0.007992392,,,
276,16,l,4,1,2,19,0.7039,0.0493,0.0429,0.005995739,,,
277,16,l,4,1,2,19,0.7519,0.065,0.0613,0.007283772,,,
278,16,l,4,1,2,20,0.7465,0.0682,0.05458,0.006349593,1,,
279,16,l,4,1,2,21,0.7614,0.062,0.04913,0.00303939,1,,
280,16,l,4,1,2,22,0.7714,0.0363,0.05827,0.004569233,,,
281,16,l,4,1,2,24,0.8185,0.0513,0.05527,0.008771171,,,
282,16,l,4,1,2,25,0.7836,0.0474,0.04804,0.009454123,,,
283,16,l,4,1,2,24,0.7383,0.0376,0.05317,0.007191052,,,
284,16,l,4,1,2,20,0.8333,0.0733,0.04645,0.004692843,1,,
285,16,l,4,1,2,20,0.8094,0.0625,0.06209,0.006164856,,,
286,16,l,4,1,2,25,0.7849,0.0479,0.05907,0.003220093,,,
287,16,l,4,1,2,20,0.7659,0.0763,0.04857,0.003588578,,,
288,16,l,4,1,2,24,0.841,0.0587,0.05274,0.007086952,,,
289,16,l,4,1,2,24,0.7493,0.022,0.07,0.005091169,1,1,1
290,16,l,4,1,2,20,0.8192,0.0755,0.05732,0.006392148,1,,
291,16,l,4,1,2,22,0.7302,0.0761,0.06379,0.00632358,,,
292,16,l,4,1,2,26,0.794,0.0198,0.054914286,0.003863258,,,
293,4,h,1,2,2,19,0.7623,0.0482,0.05758,0.007507152,,,
294,4,h,1,2,2,20,0.6843,0.0471,0.06163,0.004078412,1,,
295,4,h,1,2,2,22,0.6522,0.0481,0.06587,0.008353981,,,
296,4,h,1,2,2,27,0.6875,0.0377,0.05745,0.007038347,,,
297,4,h,1,2,2,35,0.6932,0.0527,0.064244444,0.005022726,,,
298,8,l,2,2,2,19,0.6505,0.0475,0.04948,0.0060615,,,
299,8,l,2,2,2,20,0.6899,0.0208,0.057044444,0.010503346,,,
300,8,l,2,2,2,24,0.6452,0.0133,0.0453,0.005044941,,,1
301,8,l,2,2,2,25,0.6729,0.0241,0.051666667,0.008474078,,,
302,8,l,2,2,2,28,0.6854,0.0458,0.05266,0.007920746,,,
303,8,l,2,2,2,29,0.63,0.0291,0.05585,0.009952035,,,
304,8,l,2,2,2,37,0.8364,0.0466,0.04946,0.007382893,,,1
305,18,h,5,1,2,18,0.7226,0.0632,0.05806,0.009673009,,,
306,18,h,5,1,2,18,0.7663,0.0707,0.06049,0.008305079,,,
307,18,h,5,1,2,18,0.7998,0.0641,0.07237,0.006128993,1,,
308,18,h,5,1,2,18,0.7429,0.0724,0.06064,0.005789492,,,
309,18,h,5,1,2,18,0.7826,0.066,0.06043,0.0039713,,,
310,18,h,5,1,2,18,0.7673,0.065,0.06024,0.007007805,,,
311,18,h,5,1,2,15,0.7011,0.0341,0.0557375,0.010305468,1,,
312,18,h,5,1,2,19,0.7036,0.0621,0.05563,0.007384827,,,
313,18,h,5,1,2,19,0.7503,0.0661,0.05906,0.006865404,,,
314,18,h,5,1,2,19,0.7904,0.0658,0.05811,0.004669868,,,
315,18,h,5,1,2,19,0.751,0.0421,0.05159,0.008031666,,,
316,18,h,5,1,2,19,0.7595,0.0557,0.05183,0.010253568,,,
317,18,h,5,1,2,19,0.7591,0.0533,0.05321,0.014032854,,,
318,18,h,5,1,2,20,0.7075,0.0489,0.05757,0.005767158,,,
319,18,h,5,1,2,16,0.7612,0.0504,0.052477778,0.003903133,,,
320,18,h,5,1,2,16,0.7957,0.0693,0.05577,0.004011664,,,
321,18,h,5,1,2,16,0.8074,0.0649,0.07034,0.005913487,,,
322,18,h,5,1,2,21,0.7264,0.0565,0.06415,0.005407659,1,,
323,18,h,5,1,2,22,0.7372,0.0086,0.0635,0.007264296,,1,
324,18,h,5,1,2,22,0.7133,0.0235,0.061588889,0.003947925,,1,
325,18,h,5,1,2,23,0.6913,0.028,0.05676,0.003439913,,,
326,18,h,5,1,2,13,0.8393,0.0808,0.05804,0.006245923,1,,
327,18,h,5,1,2,14,0.8396,0.0877,0.06515,0.004391975,1,,
328,18,h,5,1,2,21,0.779,0.0451,0.05563,0.007085047,,,
329,18,h,5,1,2,21,0.778,0.0636,0.05454,0.005906719,,,
330,18,h,5,1,2,13,0.7263,0.0688,0.04619,0.005412835,,,
331,19,l,5,1,2,15,0.8322,0.0608,0.0442,0.006282958,,,1
332,19,l,5,1,2,19,0.7381,0.037,0.03702,0.002904326,,,
333,19,l,5,1,2,23,0.7051,0.0539,0.05416,0.004543909,,,
334,19,l,5,1,2,24,0.7359,0.0384,0.04472,0.007994832,,,
335,19,l,5,1,2,16,0.7517,0.0598,0.03755,0.00312241,,,
336,19,l,5,1,2,16,0.7924,0.053,0.0591,0.007221419,,,
337,19,l,5,1,2,17,0.8152,0.0477,0.054625,0.008213534,,,
338,19,l,5,1,2,18,0.8006,0.0552,0.0584,0.00626099,1,,
339,19,l,5,1,2,19,0.6837,0.0547,0.046725,0.003758324,,,
340,19,l,5,1,2,20,0.8102,0.0522,0.04931,0.005302295,,,
341,19,l,5,1,2,21,0.7915,0.0668,0.05873,0.002890617,1,,
342,19,l,5,1,2,22,0.7339,0.0402,0.03761,0.008220496,,,
343,19,l,5,1,2,23,0.7518,0.0428,0.0409,0.005797126,,,1
344,19,l,5,1,2,21,0.7583,0.0623,0.05611,0.005272455,1,,
345,19,l,5,1,2,19,0.7315,0.0364,0.03851,0.006422781,,,1
346,19,l,5,1,2,19,0.7339,0.0417,0.04387,0.008128011,1,1,
347,19,l,5,1,2,21,0.6922,0.048,0.05282,0.007401021,1,,
348,19,l,5,1,2,23,0.7548,0.049,0.03983,0.003093739,,,
349,19,l,5,1,2,19,0.7309,0.0647,0.05888,0.010104323,,1,
350,19,l,5,1,2,19,0.719,0.023,0.0427375,0.006076874,,,1
351,19,l,5,1,2,19,0.6991,0.0464,0.05111,0.007174252,,,
352,19,l,5,1,2,19,0.7839,0.044,0.05489,0.006648718,,,
353,19,l,5,1,2,18,0.7813,0.0572,0.0498,0.008542963,,,
354,19,l,5,1,2,18,0.7707,0.0657,0.05715,0.006615512,,,
355,19,l,5,1,2,18,0.8155,0.0789,0.05801,0.0064535,,,
356,19,l,5,1,2,18,0.8399,0.0666,0.06192,0.004521258,,,
357,19,l,5,1,2,19,0.7832,0.0562,0.04472,0.005735232,,,
358,20,l,5,1,2,18,0.7647,0.0397,0.05379,0.005520155,,,
359,20,l,5,1,2,17,0.731,0.0368,0.05434,0.006992726,,,
360,20,l,5,1,2,18,0.7551,0.0485,0.05246,0.007782916,,,
361,20,l,5,1,2,21,0.7365,0.0315,0.04356,0.007556042,,,
362,20,l,5,1,2,19,0.7937,0.0214,0.0531625,0.010718734,,1,
363,20,l,5,1,2,19,0.8052,0.052,0.06132,0.005971934,,,
364,20,l,5,1,2,13,0.8277,0.0519,0.0369,0.006071976,,,
365,20,l,5,1,2,13,0.7606,0.058,0.03392,0.002753099,,,1
366,20,l,5,1,2,14,0.806,0.0601,0.05196,0.008314004,,,
367,20,l,5,1,2,15,0.7814,0.0328,0.04726,0.007937702,,1,
368,20,l,5,1,2,15,0.8014,0.066,0.05147,0.004573608,,,
369,20,l,5,1,2,9,0.8489,0.075,0.04858,0.006550284,,,
370,20,l,5,1,2,16,0.7393,0.0485,0.0471,0.00736463,,,
371,20,l,5,1,2,21,0.7955,0.0685,0.06127,0.006304681,,1,
372,20,l,5,1,2,11,0.8942,0.0523,0.03927,0.001407954,,,1
373,20,l,5,1,2,12,0.7724,0.0514,0.05129,0.005083404,,1,
374,20,l,5,1,2,15,0.8231,0.0753,0.04878,0.007871722,,,
375,20,l,5,1,2,21,0.8099,0.0302,0.05458,0.004765338,,1,
376,20,l,5,1,2,21,0.8135,0.0577,0.05935,0.007729776,,,
377,20,l,5,1,2,21,0.812,0.0768,0.05743,0.004211373,,,
378,20,l,5,1,2,15,0.7129,0.0704,0.0413,0.008644202,,,1
379,20,l,5,1,2,11,0.7351,0.0563,0.04114,0.00618101,,,1
380,20,l,5,1,2,12,0.7844,0.034,0.040255556,0.006180637,,,1
381,20,l,5,1,2,11,0.813,0.076,0.06421,0.005419399,1,,
382,20,l,5,1,2,12,0.7641,0.0591,0.05916,0.004131774,1,,
383,20,l,5,1,2,15,0.7886,0.0603,0.04409,0.005709339,1,,
384,20,l,5,1,2,15,0.7526,0.053,0.04538,0.006465945,1,,
385,17,h,5,2,2,21,0.6482,0.0537,0.05511,0.003545717,,,
386,17,h,5,2,2,22,0.6891,0.0464,0.04737,0.007288659,1,,
387,17,h,5,2,2,22,0.6632,0.0399,0.04537,0.005060973,,,1
388,17,h,5,2,2,22,0.6152,0.0437,0.04489,0.004644818,,,
389,17,h,5,2,2,23,0.6093,0.0365,0.05858,0.009411081,1,,
390,17,h,5,2,2,25,0.6452,0.0389,0.04953,0.00412258,,,
391,17,h,5,2,2,26,0.6872,0.0354,0.05406,0.006411136,,,
392,17,h,5,2,2,27,0.668,0.0428,0.054855556,0.008072346,,,
393,17,h,5,2,2,28,0.5939,0.0233,0.049866667,0.00584283,,,
394,17,h,5,2,2,29,0.6261,0.035,0.046144444,0.005697173,,,
395,17,h,5,2,2,30,0.6433,0.0249,0.06242,0.003365445,,,
396,19,l,5,2,2,17,0.6847,0.041,0.044977778,0.005207633,,,1
397,19,l,5,2,2,19,0.9133,0.0386,0.04934,0.005073942,,,
398,19,l,5,2,2,20,0.6791,0.0363,0.0481,0.005629683,,,
399,19,l,5,2,2,21,0.6393,0.0332,0.03929,0.006758114,,,
400,19,l,5,2,2,21,0.6543,0.0341,0.03834,0.007410083,1,,
401,19,l,5,2,2,21,0.6343,0.0375,0.04065,0.007024283,,,
402,19,l,5,2,2,21,0.693,0.0411,0.0502,0.004802546,1,,
403,19,l,5,2,2,22,0.6295,0.0397,0.04162,0.003274413,,,
404,19,l,5,2,2,22,0.6136,0.0352,0.045,0.003900997,1,,
405,19,l,5,2,2,26,0.6721,0.0367,0.06053,0.005832676,,,
